"","word","No Wikipedia Biography","Has Wikipedia Biography"
"1","education",519,203
"2","community",514,302
"3","significant",416,186
"4","medicine",314,42
"5","health",304,103
"6","field",180,80
"7","distinguished",76,168
"8","medical",162,63
"9","research",156,97
"10","sport",4,148
"11","professional",146,58
"12","organisations",141,114
"13","arts",64,135
"14","development",129,72
"15","australia",122,91
"16","care",114,29
"17","gold",1,114
"18","games",NA,111
"19","tertiary",110,34
"20","australian",104,90
"21","nursing",104,12
"22","medallist",NA,104
"23","women",69,100
"24","people",93,56
"25","roles",89,71
"26","welfare",87,36
"27","academic",76,63
"28","olympic",NA,76
"29","church",72,6
"30","researcher",70,41
"31","social",66,69
"32","science",58,66
"33","administration",64,51
"34","public",61,63
"35","range",62,55
"36","performing",17,62
"37","support",59,55
"38","law",30,59
"39","advocate",37,57
"40","indigenous",55,50
"41","international",54,52
"42","services",54,20
"43","literature",12,54
"44","programs",52,17
"45","children",50,21
"46","mentor",26,49
"47","eminent",1,48
"48","catholic",46,3
"49","author",25,46
"50","industry",13,46
"51","educator",45,11
"52","parliament",9,45
"53","promotion",27,45
"54","south",44,35
"55","associations",43,9
"56","role",6,43
"57","leadership",39,41
"58","paralympic",NA,41
"59","model",5,40
"60","child",39,9
"61","clinician",39,8
"62","force",39,8
"63","cultural",24,38
"64","history",37,30
"65","management",37,14
"66","music",37,24
"67","contributions",28,37
"68","exceptional",36,7
"69","standards",35,11
"70","national",23,35
"71","administrator",34,19
"72","practitioner",34,3
"73","teacher",34,10
"74","clinical",33,6
"75","mental",33,11
"76","women's",33,33
"77","defence",32,11
"78","practice",31,9
"79","judiciary",8,31
"80","legal",14,31
"81","policy",30,31
"82","art",5,30
"83","charitable",13,30
"84","aged",29,4
"85","establishment",29,13
"86","royal",29,5
"87","conservation",28,26
"88","disabilities",28,12
"89","relations",28,25
"90","rural",28,6
"91","youth",28,14
"92","region",27,5
"93","rights",16,27
"94","sector",21,27
"95","cancer",26,16
"96","justice",13,26
"97","reform",18,26
"98","educational",25,17
"99","training",25,6
"100","1996",6,25
"101","business",17,25
"102","sydney",9,25
"103","contributor",24,13
"104","film",1,24
"105","visual",14,24
"106","1998",23,9
"107","provision",23,6
"108","wales",23,15
"109","aboriginal",13,23
"110","government",20,23
"111","media",4,23
"112","human",9,22
"113","army",21,6
"114","families",21,4
"115","hospital",21,7
"116","paediatric",21,6
"117","palliative",21,2
"118","2000",NA,21
"119","advancement",16,21
"120","environment",20,9
"121","local",20,16
"122","profession",20,11
"123","psychology",20,6
"124","1992",11,20
"125","director",12,20
"126","scientific",7,20
"127","executive",19,14
"128","family",19,4
"129","fields",19,14
"130","heritage",19,14
"131","prevention",19,9
"132","2016",NA,19
"133","rio",NA,19
"134","victoria",16,19
"135","preservation",18,17
"136","queens",18,9
"137","internationally",3,18
"138","issues",9,18
"139","level",6,18
"140","western",17,13
"141","children's",16,17
"142","supporter",8,17
"143","1999",16,11
"144","anglican",16,4
"145","protection",16,10
"146","sisters",16,NA
"147","veterinary",16,3
"148","awareness",5,16
"149","promoting",13,16
"150","air",15,3
"151","asia",15,2
"152","association",15,5
"153","gynaecology",15,2
"154","humanitarian",15,9
"155","navy",15,1
"156","nurse",15,2
"157","officer",15,3
"158","oncology",15,2
"159","st",15,3
"160","atlanta",NA,15
"161","gender",6,15
"162","1997",14,10
"163","advisory",14,8
"164","duty",14,NA
"165","learning",14,8
"166","performance",14,7
"167","psychiatry",14,NA
"168","therapy",14,NA
"169","university",14,11
"170","2008",NA,14
"171","beijing",NA,14
"172","leading",2,14
"173","animal",13,1
"174","emergency",13,1
"175","meritorious",13,3
"176","obstetrics",13,NA
"177","physiotherapy",13,3
"178","rehabilitation",13,2
"179","remote",13,3
"180","teaching",13,8
"181","2004",NA,13
"182","athens",NA,13
"183","broadcast",2,13
"184","improved",9,13
"185","queensland",10,13
"186","sciences",6,13
"187","study",7,13
"188","administrative",12,11
"189","aids",12,3
"190","assistance",12,4
"191","hearing",12,1
"192","paediatrics",12,1
"193","secondary",12,1
"194","territory",12,8
"195","uniting",12,NA
"196","2012",1,12
"197","culture",10,12
"198","entertainment",NA,12
"199","environmental",9,12
"200","fundraising",2,12
"201","london",1,12
"202","opera",5,12
"203","swimming",2,12
"204","advocacy",11,10
"205","b'day",11,9
"206","centre",11,4
"207","childhood",11,3
"208","college",11,2
"209","communities",11,3
"210","initiatives",11,9
"211","pastoral",11,1
"212","planning",11,4
"213","s14",11,4
"214","society",11,5
"215","studies",11,11
"216","treatment",11,9
"217","affecting",NA,11
"218","athletics",1,11
"219","coach",NA,11
"220","governance",9,11
"221","leader",8,11
"222","player",1,11
"223","raising",2,11
"224","sports",4,11
"225","television",1,11
"226","writers",2,11
"227","1993",10,9
"228","aid",10,4
"229","aka",10,5
"230","award",10,4
"231","drug",10,4
"232","historian",10,3
"233","hiv",10,5
"234","improving",10,6
"235","intellectual",10,3
"236","overseas",10,NA
"237","pacific",10,3
"238","principal",10,2
"239","programmes",10,4
"240","students",10,2
"241","1988",4,10
"242","1989",2,10
"243","1991",7,10
"244","affairs",9,10
"245","artistic",1,10
"246","artists",1,10
"247","barcelona",NA,10
"248","developing",6,10
"249","economic",3,10
"250","philanthropic",2,10
"251","producer",1,10
"252","technology",4,10
"253","adolescent",9,2
"254","alcohol",9,2
"255","bodies",9,7
"256","delivery",9,7
"257","disability",9,8
"258","disease",9,9
"259","living",9,2
"260","mercy",9,NA
"261","midwifery",9,2
"262","northern",9,7
"263","pathology",9,1
"264","quality",9,3
"265","s16",9,8
"266","safety",9,3
"267","sexual",9,2
"268","special",9,NA
"269","staff",9,1
"270","1990",7,9
"271","actor",NA,9
"272","elite",NA,9
"273","engineering",7,9
"274","equity",8,9
"275","mbe",NA,9
"276","medalist",NA,9
"277","singer",NA,9
"278","understanding",2,9
"279","world",1,9
"280","1994",8,5
"281","1995",8,4
"282","breast",8,5
"283","command",8,1
"284","dentistry",8,NA
"285","diseases",8,2
"286","epidemiology",8,3
"287","hospice",8,NA
"288","infant",8,2
"289","joint",8,2
"290","movement",8,4
"291","nsw",8,7
"292","occupational",8,NA
"293","personnel",8,1
"294","refugee",8,1
"295","refugees",8,4
"296","relation",8,4
"297","respiratory",8,2
"298","s214",8,6
"299","school",8,4
"300","artist",2,8
"301","ballet",3,8
"302","contemporary",2,8
"303","emerging",1,8
"304","hockey",NA,8
"305","marine",2,8
"306","netball",1,8
"307","wildlife",4,8
"308","abuse",7,2
"309","activities",7,4
"310","ageing",7,2
"311","anaesthesia",7,1
"312","architecture",7,4
"313","chaplaincy",7,NA
"314","council",7,5
"315","curriculum",7,3
"316","dance",7,6
"317","dental",7,1
"318","disadvantaged",7,6
"319","gd",7,7
"320","healthcare",7,1
"321","homeless",7,1
"322","infectious",7,3
"323","information",7,4
"324","institute",7,1
"325","institutions",7,4
"326","levels",7,4
"327","logistics",7,5
"328","maternal",7,2
"329","military",7,2
"330","operation",7,2
"331","ophthalmology",7,1
"332","outreach",7,1
"333","pain",7,1
"334","participation",7,5
"335","profit",7,7
"336","regional",7,4
"337","specialist",7,1
"338","supporting",7,3
"339","system",7,4
"340","tasmania",7,6
"341",NA,7,6
"342","athlete",NA,7
"343","champion",NA,7
"344","composer",2,7
"345","employment",2,7
"346","fashion",NA,7
"347","food",6,7
"348","global",2,7
"349","historical",5,7
"350","industrial",4,7
"351","innovation",2,7
"352","journalist",2,7
"353","life",3,7
"354","literary",NA,7
"355","performer",1,7
"356","politics",1,7
"357","theatre",3,7
"358","writer",1,7
"359","access",6,4
"360","chief",6,1
"361","counsellor",6,1
"362","cross",6,1
"363","discipline",6,2
"364","disorders",6,4
"365","fostering",6,6
"366","girls",6,1
"367","implementation",6,3
"368","injury",6,2
"369","kimberley",6,NA
"370","migrant",6,3
"371","mil",6,NA
"372","mission",6,1
"373","multicultural",6,2
"374","network",6,1
"375","outcomes",6,3
"376","perinatal",6,1
"377","policies",6,3
"378","program",6,5
"379","projects",6,1
"380","providing",6,2
"381","related",6,4
"382","reproductive",6,4
"383","s191",6,1
"384","student",6,1
"385","surgeon",6,1
"386","systems",6,1
"387","victorian",6,6
"388","womens",6,6
"389","ac",NA,6
"390","commentator",NA,6
"391","debate",1,6
"392","design",5,6
"393","equality",5,6
"394","fundraiser",4,6
"395","genetics",4,6
"396","journalism",NA,6
"397","literacy",1,6
"398","major",2,6
"399","natural",2,6
"400","recording",4,6
"401","societies",5,6
"402","trade",1,6
"403","bali",5,5
"404","capability",5,1
"405","capital",5,3
"406","central",5,2
"407","commanding",5,1
"408","counselling",5,NA
"409","court",5,4
"410","curator",5,1
"411","dermatology",5,NA
"412","diabetes",5,1
"413","east",5,4
"414","facilities",5,2
"415","forensic",5,2
"416","foundation",5,4
"417","founder",5,NA
"418","haematology",5,NA
"419","headquarters",5,NA
"420","heart",5,1
"421","hunter",5,1
"422","immunology",5,1
"423","improvement",5,2
"424","including",5,4
"425","intensive",5,NA
"426","jewish",5,3
"427","maintenance",5,1
"428","mary",5,NA
"429","mathematics",5,3
"430","nutrition",5,2
"431","opportunities",5,5
"432","organisation",5,3
"433","pharmacology",5,3
"434","physical",5,2
"435","physician",5,NA
"436","programme",5,2
"437","project",5,1
"438","queen's",5,3
"439","united",5,5
"440","violence",5,3
"441","vision",5,1
"442","wef",5,1
"443","wellbeing",5,2
"444","australia's",3,5
"445","basketball",1,5
"446","botany",1,5
"447","broadcasting",NA,5
"448","canberra",2,5
"449","countries",4,5
"450","cricket",NA,5
"451","criminal",1,5
"452","encouragement",1,5
"453","entertainer",NA,5
"454","illustrator",NA,5
"455","innovative",4,5
"456","islander",NA,5
"457","language",4,5
"458","ny",NA,5
"459","philanthropy",1,5
"460","pioneering",2,5
"461","radio",NA,5
"462","sectors",4,5
"463","seminal",1,5
"464","senior",4,5
"465","sporting",3,5
"466","status",3,5
"467","strategic",3,5
"468","tennis",NA,5
"469","tourism",2,5
"470","1984",4,NA
"471","1987",4,3
"472","act",4,2
"473","ad",4,3
"474","adult",4,2
"475","adviser",4,3
"476","affected",4,1
"477","assist",4,1
"478","asthma",4,NA
"479","based",4,2
"480","battalion",4,1
"481","biomedical",4,4
"482","blind",4,2
"483","cardiology",4,1
"484","career",4,NA
"485","charity",4,NA
"486","committees",4,1
"487","conflict",4,2
"488","consultant",4,1
"489","control",4,4
"490","developmental",4,3
"491","disciplines",4,2
"492","elderly",4,NA
"493","engagement",4,3
"494","ethics",4,3
"495","eye",4,NA
"496","french",4,NA
"497","george",4,NA
"498","geriatric",4,NA
"499","guides",4,NA
"500","guinea",4,NA
"501","identification",4,1
"502","impairment",4,NA
"503","improve",4,4
"504","infection",4,NA
"505","librarianship",4,2
"506","melbourne",4,4
"507","methods",4,NA
"508","microbiology",4,NA
"509","ministry",4,NA
"510","multiple",4,2
"511","museum",4,NA
"512","nationally",4,3
"513","neonatal",4,NA
"514","neurology",4,1
"515","ny86",4,2
"516","papua",4,NA
"517","patient",4,1
"518","patients",4,3
"519","pioneer",4,3
"520","plant",4,2
"521","police",4,3
"522","population",4,1
"523","practices",4,4
"524","primary",4,2
"525","prisoners",4,NA
"526","private",4,1
"527","psychologist",4,NA
"528","publication",4,1
"529","qld",4,NA
"530","raaf",4,NA
"531","radiology",4,NA
"532","ran",4,NA
"533","reconciliation",4,3
"534","regulation",4,1
"535","religion",4,3
"536","religious",4,2
"537","reserve",4,NA
"538","resolution",4,1
"539","road",4,2
"540","screening",4,NA
"541","speech",4,2
"542","suffering",4,NA
"543","sustainable",4,3
"544","syndrome",4,NA
"545","urban",4,1
"546","veterans",4,3
"547","victims",4,1
"548","workforce",4,NA
"549","1982",3,4
"550","93",2,4
"551","acclaimed",NA,4
"552","ad1997",NA,4
"553","analysis",1,4
"554","asylum",2,4
"555","athletes",NA,4
"556","bioethics",1,4
"557","biology",1,4
"558","botanical",NA,4
"559","competitor",NA,4
"560","corporate",3,4
"561","designer",NA,4
"562","diverse",NA,4
"563","economics",2,4
"564","editor",1,4
"565","endeavours",NA,4
"566","energy",1,4
"567","equal",NA,4
"568","events",NA,4
"569","festival",1,4
"570","flora",1,4
"571","foreign",2,4
"572","governor",NA,4
"573","honours",2,4
"574","hospitality",1,4
"575","involvement",2,4
"576","jan",2,4
"577","judicial",3,4
"578","lgbtiq",2,4
"579","mentoring",2,4
"580","nations",3,4
"581","nbsp",NA,4
"582","ornithology",NA,4
"583","outstanding",2,4
"584","painter",NA,4
"585","parliamentary",1,4
"586","performers",NA,4
"587","physics",2,4
"588","political",NA,4
"589","presenter",NA,4
"590","print",1,4
"591","publisher",2,4
"592","reef",NA,4
"593","representational",1,4
"594","scholarship",2,4
"595","schools",3,4
"596","scientists",2,4
"597","seekers",1,4
"598","strait",NA,4
"599","sustainability",2,4
"600","torres",NA,4
"601","water",NA,4
"602","12",3,2
"603","1979",3,1
"604","1981",3,1
"605","1985",3,3
"606","2013",3,1
"607","3rd",3,NA
"608","action",3,1
"609","address",3,NA
"610","adelaide",3,1
"611","advisor",3,2
"612","africa",3,1
"613","agricultural",3,NA
"614","allergy",3,NA
"615","anaesthesiology",3,NA
"616","audiology",3,NA
"617","australians",3,2
"618","board",3,NA
"619","bowls",3,3
"620","brain",3,3
"621","branch",3,NA
"622","brisbane",3,NA
"623","cardiac",3,NA
"624","cardiologist",3,NA
"625","cardiovascular",3,1
"626","chinese",3,2
"627","christian",3,NA
"628","chronic",3,1
"629","commerce",3,2
"630","congregation",3,NA
"631","coordinator",3,1
"632","courses",3,NA
"633","de",3,NA
"634","deputy",3,1
"635","diagnosis",3,1
"636","diocese",3,NA
"637","directorate",3,NA
"638","district",3,3
"639","documentation",3,1
"640","domestic",3,1
"641","endocrinology",3,1
"642","english",3,1
"643","establishing",3,NA
"644","ethnic",3,2
"645","exchange",3,1
"646","faith",3,NA
"647","friends",3,NA
"648","genetic",3,1
"649","gynaecological",3,NA
"650","historic",3,NA
"651","hobart",3,NA
"652","home",3,1
"653","hospitals",3,NA
"654","houses",3,NA
"655","illawarra",3,1
"656","illness",3,NA
"657","impaired",3,NA
"658","improvements",3,NA
"659","independent",3,1
"660","interfaith",3,1
"661","involved",3,2
"662","japan",3,1
"663","june",3,NA
"664","kingdom",3,1
"665","kiribati",3,NA
"666","landscape",3,2
"667","lawn",3,2
"668","lecturer",3,2
"669","lima",3,NA
"670","links",3,1
"671","low",3,1
"672","manager",3,1
"673","mater",3,NA
"674","medal",3,1
"675","mess",3,NA
"676","mothers",3,1
"677","naval",3,NA
"678","nepal",3,1
"679","nephrology",3,1
"680","nurses",3,1
"681","operational",3,NA
"682","oral",3,1
"683","pathologist",3,NA
"684","peace",3,2
"685","persons",3,1
"686","peru",3,NA
"687","portland",3,NA
"688","positions",3,2
"689","practitioners",3,1
"690","psychiatrist",3,NA
"691","radiation",3,NA
"692","red",3,1
"693","reforms",3,NA
"694","relating",3,2
"695","rockhampton",3,NA
"696","salvation",3,2
"697","sclerosis",3,1
"698","sister",3,NA
"699","strategies",3,3
"700","strategy",3,NA
"701","techniques",3,NA
"702","unit",3,3
"703","2002",2,3
"704","achievement",2,3
"705","actors",NA,3
"706","advances",NA,3
"707","ambassador",NA,3
"708","anthropology",1,3
"709","asian",1,3
"710","assembly",NA,3
"711","authors",NA,3
"712","aviation",2,3
"713","bombings",2,3
"714","box",NA,3
"715","campaigner",NA,3
"716","chairperson",1,3
"717","change",2,3
"718","commitment",2,3
"719","communication",2,3
"720","craft",NA,3
"721","critic",NA,3
"722","dialogue",1,3
"723","discrimination",1,3
"724","earth",NA,3
"725","ethiopia",NA,3
"726","federal",NA,3
"727","founding",1,3
"728","fund",NA,3
"729","growth",1,3
"730","house",1,3
"731","judge",NA,3
"732","legislative",NA,3
"733","library",1,3
"734","lifestyle",NA,3
"735","mining",NA,3
"736","multiculturalism",2,3
"737","neurological",2,3
"738","obe",1,3
"739","occurred",2,3
"740","operations",2,3
"741","opportunity",1,3
"742","photographer",NA,3
"743","physiology",NA,3
"744","po",NA,3
"745","poet",NA,3
"746","poetry",NA,3
"747","process",2,3
"748","promoter",1,3
"749","property",2,3
"750","qb99",1,3
"751","relief",2,3
"752","security",NA,3
"753","squash",NA,3
"754","stage",NA,3
"755","technological",NA,3
"756","textile",NA,3
"757","tokyo",NA,3
"758","west",NA,3
"759","wide",NA,3
"760","worldwide",1,3
"761","13",2,NA
"762","19",2,NA
"763","1978",2,NA
"764","1983",2,2
"765","1986",2,1
"766","91",2,NA
"767","accident",2,NA
"768","accounting",2,1
"769","ad89",2,1
"770","addiction",2,NA
"771","adults",2,1
"772","age",2,2
"773","agriculture",2,NA
"774","airworthiness",2,NA
"775","allambie",2,NA
"776","alliance",2,2
"777","ambulance",2,NA
"778","anaesthetist",2,NA
"779","archaeology",2,NA
"780","archives",2,2
"781","armidale",2,NA
"782","assault",2,NA
"783","assessment",2,NA
"784","assisting",2,NA
"785","assurance",2,NA
"786","autism",2,2
"787","babies",2,2
"788","backgrounds",2,1
"789","baptist",2,NA
"790","bathurst",2,NA
"791","bilateral",2,1
"792","biosecurity",2,1
"793","biotechnology",2,1
"794","blood",2,NA
"795","boards",2,1
"796","bombing",2,1
"797","botanic",2,NA
"798","breastfeeding",2,NA
"799","brigade",2,NA
"800","broad",2,2
"801","calvary",2,NA
"802","candela",2,NA
"803","cerebral",2,NA
"804","cerro",2,NA
"805","chaplain",2,NA
"806","chapter",2,NA
"807","chemical",2,1
"808","childrens",2,1
"809","china",2,2
"810","choral",2,1
"811","city",2,NA
"812","classifications",2,NA
"813","club",2,NA
"814","coaching",2,1
"815","coast",2,2
"816","collection",2,1
"817","combat",2,1
"818","commander",2,2
"819","committee",2,1
"820","communications",2,NA
"821","congenital",2,NA
"822","contribution",2,2
"823","cord",2,NA
"824","corps",2,NA
"825","creative",2,NA
"826","cytology",2,NA
"827","darwin",2,NA
"828","deaf",2,NA
"829","death",2,NA
"830","decorative",2,NA
"831","department",2,1
"832","depression",2,1
"833","detection",2,NA
"834","difficulties",2,1
"835","dispute",2,NA
"836","div",2,1
"837","eastern",2,NA
"838","ecumenical",2,1
"839","egyptian",2,NA
"840","enhancing",2,NA
"841","entomology",2,1
"842","evidence",2,NA
"843","excellence",2,1
"844","facilitation",2,1
"845","federation",2,1
"846","fellowship",2,NA
"847","forces",2,NA
"848","frail",2,NA
"849","galleries",2,1
"850","gallery",2,2
"851","gardens",2,NA
"852","gastroenterology",2,2
"853","gazette",2,NA
"854","geriatrician",2,NA
"855","governmental",2,NA
"856","graduate",2,1
"857","guiding",2,NA
"858","hard",2,NA
"859","hmas",2,NA
"860","hypertension",2,NA
"861","illnesses",2,NA
"862","impairments",2,NA
"863","inclusion",2,2
"864","initiation",2,1
"865","integration",2,NA
"866","inter",2,1
"867","intervention",2,NA
"868","investigation",2,1
"869","islands",2,NA
"870","italian",2,1
"871","january",2,NA
"872","japanese",2,NA
"873","joseph",2,NA
"874","journal",2,NA
"875","lactation",2,NA
"876","lady",2,NA
"877","land",2,1
"878","leprosy",2,NA
"879","lithgow",2,NA
"880","livestock",2,1
"881","logistic",2,NA
"882","loreto",2,NA
"883","malaysia",2,NA
"884","martin",2,NA
"885","mckillop",2,NA
"886","meet",2,NA
"887","metabolic",2,NA
"888","migrants",2,2
"889","migration",2,NA
"890","models",2,NA
"891","museums",2,2
"892","natal",2,1
"893","nature",2,1
"894","nazareth",2,NA
"895","neglect",2,1
"896","neuro",2,NA
"897","neurologist",2,NA
"898","neuropathology",2,NA
"899","neurosurgery",2,NA
"900","newborn",2,NA
"901","north",2,NA
"902","nuclear",2,1
"903","nutritional",2,1
"904","october",2,2
"905","organisational",2,1
"906","orthopaedic",2,NA
"907","oxfam",2,NA
"908","paediatrician",2,NA
"909","pakistan",2,NA
"910","palsy",2,NA
"911","parish",2,NA
"912","paul",2,NA
"913","piano",2,NA
"914","plans",2,NA
"915","plastic",2,1
"916","podiatry",2,NA
"917","positive",2,NA
"918","post",2,NA
"919","prostate",2,1
"920","psychological",2,NA
"921","pulmonary",2,NA
"922","qb89",2,2
"923","queanbeyan",2,NA
"924","records",2,NA
"925","recreation",2,NA
"926","rees",2,NA
"927","regard",2,NA
"928","relationship",2,NA
"929","rescue",2,NA
"930","resettlement",2,NA
"931","resource",2,2
"932","resources",2,1
"933","restoration",2,NA
"934","rheumatology",2,NA
"935","risk",2,1
"936","rowing",2,1
"937","sacred",2,NA
"938","samaritan",2,NA
"939","schizophrenia",2,1
"940","scholar",2,1
"941","scientist",2,2
"942","scouts",2,NA
"943","soroptimist",2,NA
"944","specialising",2,2
"945","species",2,NA
"946","spectrum",2,NA
"947","spiritual",2,1
"948","stroke",2,1
"949","substance",2,1
"950","sudden",2,NA
"951","supervisor",2,NA
"952","supply",2,1
"953","surgery",2,1
"954","surrounding",2,NA
"955","surveillance",2,1
"956","sustainment",2,NA
"957","talbot",2,NA
"958","task",2,NA
"959","teachers",2,1
"960","technologies",2,NA
"961","testing",2,NA
"962","theory",2,2
"963","traditional",2,2
"964","transfusion",2,NA
"965","transplantation",2,NA
"966","transport",2,2
"967","trauma",2,NA
"968","trials",2,NA
"969","trust",2,1
"970","vascular",2,NA
"971","victim",2,1
"972","vietnam",2,NA
"973","vincent",2,NA
"974","vocational",2,1
"975","volunteer",2,1
"976","1",NA,2
"977","1977",NA,2
"978","1980",1,2
"979","200",NA,2
"980","2010",NA,2
"981","2020",NA,2
"982","ababa",NA,2
"983","academia",NA,2
"984","actress",NA,2
"985","ad84",NA,2
"986","ad85",NA,2
"987","addis",NA,2
"988","agent",NA,2
"989","america",1,2
"990","american",NA,2
"991","antarctic",NA,2
"992","anti",1,2
"993","anxiety",1,2
"994","appointed",NA,2
"995","architectural",NA,2
"996","barrier",NA,2
"997","benefit",NA,2
"998","biological",NA,2
"999","books",NA,2
"1000","c'wealth",NA,2
"1001","captain",NA,2
"1002","careers",NA,2
"1003","cbe",NA,2
"1004","ceramic",NA,2
"1005","chamber",NA,2
"1006","championships",NA,2
"1007","charities",1,2
"1008","chemistry",NA,2
"1009","choreographer",1,2
"1010","clothing",NA,2
"1011","commercial",1,2
"1012","conditions",1,2
"1013","constitutional",NA,2
"1014","construction",NA,2
"1015","cookery",NA,2
"1016","councils",1,2
"1017","dancer",NA,2
"1018","designed",NA,2
"1019","dietetics",1,2
"1020","diplomatic",1,2
"1021","discovery",NA,2
"1022","documenting",1,2
"1023","driving",NA,2
"1024","ecology",1,2
"1025","empowerment",NA,2
"1026","encouraging",NA,2
"1027","entrepreneur",NA,2
"1028","equestrian",NA,2
"1029","established",NA,2
"1030","ethnomusicology",NA,2
"1031","extraordinary",NA,2
"1032","figure",NA,2
"1033","finance",1,2
"1034","financial",1,2
"1035","fistula",1,2
"1036","folklore",1,2
"1037","football",NA,2
"1038","freedom",NA,2
"1039","future",NA,2
"1040","generation",NA,2
"1041","geography",NA,2
"1042","geology",NA,2
"1043","glass",NA,2
"1044","head",1,2
"1045","healthy",1,2
"1046","horse",NA,2
"1047","humanities",1,2
"1048","humanity",1,2
"1049","indian",1,2
"1050","industries",NA,2
"1051","influencing",NA,2
"1052","infrastructure",1,2
"1053","investment",NA,2
"1054","key",NA,2
"1055","labour",NA,2
"1056","legislation",1,2
"1057","linguistics",1,2
"1058","makers",NA,2
"1059","manufacturing",1,2
"1060","marathon",NA,2
"1061","marsupial",NA,2
"1062","matters",NA,2
"1063","medico",NA,2
"1064","melanoma",NA,2
"1065","middle",NA,2
"1066","minister",NA,2
"1067","molecular",1,2
"1068","multi",1,2
"1069","musical",NA,2
"1070","musician",1,2
"1071","native",1,2
"1072","newcastle",NA,2
"1073","novelist",NA,2
"1074","operatic",NA,2
"1075","parliaments",NA,2
"1076","perth",NA,2
"1077","pianist",NA,2
"1078","power",1,2
"1079","pre",NA,2
"1080","premier",NA,2
"1081","preserving",1,2
"1082","publishing",1,2
"1083","raiser",NA,2
"1084","record",1,2
"1085","relationships",1,2
"1086","renewable",NA,2
"1087","republic",NA,2
"1088","researchers",NA,2
"1089","responsible",NA,2
"1090","restaurateur",NA,2
"1091","sculptor",NA,2
"1092","sculptures",NA,2
"1093","socially",NA,2
"1094","softball",NA,2
"1095","solar",NA,2
"1096","songwriter",NA,2
"1097","soprano",NA,2
"1098","squad",NA,2
"1099","stem",1,2
"1100","surgical",1,2
"1101","tasmanian",NA,2
"1102","therapist",1,2
"1103","track",NA,2
"1104","tribunal",NA,2
"1105","tropical",NA,2
"1106","uganda",NA,2
"1107","unionism",NA,2
"1108","universities",NA,2
"1109","vancouver",NA,2
"1110","vic",1,2
"1111","vincent's",1,2
"1112","war",1,2
"1113","winter",NA,2
"1114","workplace",NA,2
"1115","york",NA,2
"1116","11",1,NA
"1117","1211",1,NA
"1118","16",1,NA
"1119","18",1,NA
"1120","189",1,NA
"1121","1975",1,1
"1122","20",1,1
"1123","2005",1,NA
"1124","2009",1,1
"1125","2011",1,NA
"1126","2015",1,NA
"1127","2019",1,NA
"1128","2022",1,NA
"1129","2100",1,NA
"1130","2141",1,NA
"1131","23",1,NA
"1132","26",1,NA
"1133","2nd",1,NA
"1134","30",1,NA
"1135","35",1,NA
"1136","5ry",1,NA
"1137","633",1,NA
"1138","66",1,NA
"1139","71",1,NA
"1140","7a",1,NA
"1141","83",1,NA
"1142","85",1,NA
"1143","89",1,1
"1144","97",1,NA
"1145","abnormalities",1,NA
"1146","aborginal",1,NA
"1147","abused",1,1
"1148","accidents",1,NA
"1149","accommodation",1,NA
"1150","accountability",1,NA
"1151","accreditation",1,NA
"1152","acquired",1,NA
"1153","acquisition",1,NA
"1154","activity",1,NA
"1155","adfa",1,NA
"1156","admissions",1,NA
"1157","adolescents",1,NA
"1158","advanced",1,1
"1159","advancing",1,1
"1160","advice",1,NA
"1161","advising",1,NA
"1162","aeromedical",1,NA
"1163","aerospace",1,NA
"1164","af",1,NA
"1165","affitudinal",1,NA
"1166","affordable",1,NA
"1167","african",1,NA
"1168","agency",1,1
"1169","agency's",1,NA
"1170","agribusiness",1,NA
"1171","aimed",1,NA
"1172","ain",1,NA
"1173","airborne",1,NA
"1174","aircraft",1,NA
"1175","airshow",1,NA
"1176","albatross",1,NA
"1177","albury",1,NA
"1178","alice",1,NA
"1179","allied",1,NA
"1180","alzheimer's",1,NA
"1181","amnesty",1,NA
"1182","analyst",1,NA
"1183","anatomical",1,NA
"1184","anatomy",1,NA
"1185","ancient",1,NA
"1186","andres",1,NA
"1187","andrology",1,NA
"1188","angelo",1,NA
"1189","animals",1,1
"1190","anne",1,NA
"1191","annual",1,NA
"1192","ante",1,NA
"1193","anzac",1,NA
"1194","aphasia",1,NA
"1195","apostleship",1,NA
"1196","applications",1,NA
"1197","applied",1,1
"1198","appointments",1,NA
"1199","aquatic",1,NA
"1200","arbovirus",1,NA
"1201","archivist",1,NA
"1202","army's",1,NA
"1203","arrived",1,NA
"1204","arthur",1,1
"1205","asoperation",1,NA
"1206","assessments",1,NA
"1207","assisi",1,NA
"1208","association's",1,NA
"1209","attending",1,NA
"1210","auburn",1,NA
"1211","august",1,1
"1212","aurukun",1,NA
"1213","austday",1,NA
"1214","australasian",1,NA
"1215","australias",1,1
"1216","authorship",1,NA
"1217","auxiliary",1,NA
"1218","baby",1,NA
"1219","ballarat",1,NA
"1220","ban",1,NA
"1221","bands",1,NA
"1222","bank",1,NA
"1223","bariatric",1,NA
"1224","barristers",1,NA
"1225","bday",1,NA
"1226","beetle",1,NA
"1227","behaviour",1,NA
"1228","benefactor",1,1
"1229","bereaved",1,NA
"1230","bi",1,NA
"1231","bifida",1,NA
"1232","bilingual",1,NA
"1233","biochemical",1,NA
"1234","biochemistry",1,1
"1235","biodiversity",1,1
"1236","biotechnologist",1,NA
"1237","bird",1,NA
"1238","blackall",1,NA
"1239","blacktown",1,NA
"1240","bleeding",1,NA
"1241","blessed",1,NA
"1242","blue",1,NA
"1243","bobath",1,NA
"1244","bone",1,NA
"1245","bougainville",1,NA
"1246","brass",1,NA
"1247","breeding",1,1
"1248","bring",1,1
"1249","british",1,NA
"1250","broadmeadows",1,NA
"1251","building",1,1
"1252","buildings",1,NA
"1253","bunbury",1,NA
"1254","burns",1,1
"1255","butcher",1,NA
"1256","bypass",1,NA
"1257","cambodia",1,1
"1258","camden",1,NA
"1259","campaign",1,NA
"1260","camps",1,NA
"1261","campus",1,NA
"1262","cancers",1,1
"1263","canine",1,NA
"1264","canonisation",1,NA
"1265","canterbury",1,NA
"1266","caravan",1,NA
"1267","carer",1,NA
"1268","carillon",1,NA
"1269","caritas",1,NA
"1270","casa",1,NA
"1271","casemix",1,NA
"1272","cat",1,NA
"1273","category",1,NA
"1274","cathedral",1,NA
"1275","cemeteries",1,NA
"1276","centacare",1,NA
"1277","certification",1,NA
"1278","cervical",1,NA
"1279","ch",1,NA
"1280","chain",1,NA
"1281","chancellor",1,1
"1282","chaplains",1,NA
"1283","charles",1,NA
"1284","chiropractic",1,NA
"1285","christ",1,NA
"1286","christi",1,NA
"1287","churches",1,NA
"1288","circles",1,NA
"1289","citation",1,NA
"1290","cities",1,NA
"1291","civic",1,1
"1292","cleft",1,NA
"1293","clerk",1,NA
"1294","cliffs",1,NA
"1295","climate",1,1
"1296","clubs",1,NA
"1297","co.as.it",1,NA
"1298","code",1,NA
"1299","codes",1,NA
"1300","coding",1,NA
"1301","coffee",1,NA
"1302","cognitive",1,NA
"1303","colac",1,NA
"1304","coleraine",1,NA
"1305","collaboration",1,NA
"1306","collector",1,NA
"1307","colleg",1,NA
"1308","colleges",1,NA
"1309","colonel",1,NA
"1310","colonial",1,1
"1311","combined",1,NA
"1312","commander's",1,NA
"1313","commemorations",1,NA
"1314","commi",1,NA
"1315","commissioner",1,NA
"1316","commonwealth",1,1
"1317","communicable",1,NA
"1318","community.aust",1,NA
"1319","communtiy",1,NA
"1320","complex",1,NA
"1321","compression",1,NA
"1322","conferencing",1,NA
"1323","conservator",1,NA
"1324","consultation",1,NA
"1325","consultative",1,NA
"1326","consumer",1,1
"1327","context",1,NA
"1328","controller",1,NA
"1329","coordination",1,1
"1330","corpus",1,NA
"1331","correctional",1,NA
"1332","corrective",1,NA
"1333","coxswain",1,NA
"1334","crafts",1,1
"1335","criminality",1,NA
"1336","crisis",1,1
"1337","critical",1,1
"1338","croatian",1,NA
"1339","crossroads",1,NA
"1340","culinary",1,NA
"1341","cumberland",1,NA
"1342","cunnamulla",1,NA
"1343","curtin",1,NA
"1344","custodianship",1,NA
"1345","cyberspace",1,NA
"1346","cystic",1,NA
"1347","dairy",1,NA
"1348","dame",1,NA
"1349","dancers",1,1
"1350","dandenong",1,NA
"1351","darlinghurst",1,NA
"1352","dasyurid",1,NA
"1353","data",1,1
"1354","daughters",1,NA
"1355","david",1,NA
"1356","day1982",1,NA
"1357","deaths",1,NA
"1358","decd",1,NA
"1359","decision",1,NA
"1360","deliver",1,NA
"1361","deloraine",1,NA
"1362","delta",1,NA
"1363","dementia",1,NA
"1364","dependencies",1,NA
"1365","dependency",1,NA
"1366","deployed",1,NA
"1367","deployment",1,NA
"1368","deployments",1,NA
"1369","des",1,NA
"1370","designing",1,NA
"1371","detention",1,1
"1372","devastation",1,NA
"1373","developments",1,NA
"1374","devotion",1,NA
"1375","diagnostic",1,NA
"1376","diagnostician",1,NA
"1377","diet",1,NA
"1378","digital",1,NA
"1379","diocesan",1,NA
"1380","disabled",1,1
"1381","disadvantage",1,NA
"1382","disaster",1,NA
"1383","displaced",1,NA
"1384","distance",1,1
"1385","diversional",1,NA
"1386","diversity",1,NA
"1387","doctor",1,NA
"1388","doctors",1,NA
"1389","dominic's",1,NA
"1390","dominican",1,NA
"1391","drama",1,1
"1392","dramatic",1,1
"1393","dystrophy",1,1
"1394","ear",1,NA
"1395","earthwatch",1,NA
"1396","ecotourism",1,NA
"1397","effects",1,NA
"1398","electronic",1,1
"1399","eliza",1,NA
"1400","emerald",1,NA
"1401","emmaus",1,NA
"1402","encourage",1,NA
"1403","endocrinologist",1,NA
"1404","engineers",1,NA
"1405","england",1,1
"1406","enhance",1,NA
"1407","environments",1,NA
"1408","equine",1,NA
"1409","equitable",1,NA
"1410","estbalishment",1,NA
"1411","ethical",1,1
"1412","ethnobiological",1,NA
"1413","evacuation",1,NA
"1414","evaluation",1,NA
"1415","examiner",1,NA
"1416","exercise",1,1
"1417","exhibitions",1,NA
"1418","expansion",1,NA
"1419","expert",1,NA
"1420","exploitation",1,NA
"1421","export",1,NA
"1422","extension",1,NA
"1423","eylandt",1,NA
"1424","faced",1,NA
"1425","factors",1,NA
"1426","faculty",1,1
"1427","failure",1,NA
"1428","falconer",1,1
"1429","fallen",1,NA
"1430","familial",1,NA
"1431","fantome",1,NA
"1432","farm",1,NA
"1433","farming",1,NA
"1434","fauna",1,1
"1435","fellow",1,NA
"1436","fetal",1,NA
"1437","fibrosis",1,1
"1438","fighter",1,NA
"1439","filipino",1,NA
"1440","fine",1,NA
"1441","fitzroy",1,NA
"1442","flag",1,NA
"1443","fleet",1,NA
"1444","flinders",1,1
"1445","flying",1,NA
"1446","focussing",1,NA
"1447","foetal",1,NA
"1448","folklife",1,NA
"1449","follow",1,NA
"1450","forbes",1,NA
"1451","forest",1,NA
"1452","formation",1,NA
"1453","foster",1,NA
"1454","foundtion",1,NA
"1455","framework",1,NA
"1456","france",1,NA
"1457","francis",1,NA
"1458","fremantle",1,NA
"1459","friendships",1,NA
"1460","function",1,1
"1461","gaols",1,NA
"1462","garments",1,NA
"1463","gastronomy",1,NA
"1464","gen",1,NA
"1465","genazzano",1,NA
"1466","genealogical",1,NA
"1467","genealogy",1,1
"1468","geneticist",1,NA
"1469","geneva",1,NA
"1470","geriatrics",1,NA
"1471","german",1,NA
"1472","germany",1,NA
"1473","gerontologist",1,NA
"1474","gerontology",1,NA
"1475","girl",1,NA
"1476","gloucester",1,NA
"1477","greek",1,NA
"1478","green",1,NA
"1479","greenvale",1,NA
"1480","gresford",1,NA
"1481","groote",1,NA
"1482","gym",1,NA
"1483","gynaecologist",1,NA
"1484","gynaecologists",1,NA
"1485","habitat",1,NA
"1486","haemodialysis",1,NA
"1487","hall",1,NA
"1488","hamilton",1,NA
"1489","handicapped",1,NA
"1490","hawthorn",1,NA
"1491","healing",1,NA
"1492","heights",1,NA
"1493","held",1,NA
"1494","hepatology",1,NA
"1495","herpetological",1,NA
"1496","highlands",1,1
"1497","hill",1,NA
"1498","histopathology",1,NA
"1499","holographic",1,NA
"1500","holy",1,NA
"1501","homelessness",1,NA
"1502","horticultural",1,NA
"1503","hostel",1,NA
"1504","housing",1,1
"1505","hungarian",1,NA
"1506","hunters",1,NA
"1507","huntington's",1,NA
"1508","hygienist",1,NA
"1509","identity",1,1
"1510","illustrators",1,1
"1511","immunopathology",1,NA
"1512","implications",1,NA
"1513","inception",1,NA
"1514","incidence",1,NA
"1515","incl",1,NA
"1516","inclusive",1,1
"1517","inclusiveness",1,NA
"1518","india",1,NA
"1519","indonesia",1,NA
"1520","inequity",1,NA
"1521","inherent",1,NA
"1522","inmates",1,NA
"1523","innovator",1,NA
"1524","inquiry",1,1
"1525","instigation",1,NA
"1526","instigator",1,NA
"1527","instructor",1,1
"1528","insurance",1,NA
"1529","integrated",1,NA
"1530","integrative",1,NA
"1531","intelligence",1,NA
"1532","intensivist",1,NA
"1533","interior",1,1
"1534","internationals",1,NA
"1535","interoperability",1,NA
"1536","introduction",1,NA
"1537","inverell",1,NA
"1538","ipswich",1,NA
"1539","irabina",1,NA
"1540","irian",1,NA
"1541","irish",1,NA
"1542","island",1,1
"1543","israel",1,NA
"1544","items",1,1
"1545","jaya",1,NA
"1546","jazz",1,1
"1547","jesuit",1,NA
"1548","joan",1,NA
"1549","john",1,NA
"1550","july",1,NA
"1551","jurisprudence",1,NA
"1552","kalumburu",1,NA
"1553","kangaroo",1,NA
"1554","karim",1,NA
"1555","kids",1,NA
"1556","knowledge",1,NA
"1557","la",1,NA
"1558","laboratory",1,NA
"1559","lacrosse",1,NA
"1560","lagoon",1,NA
"1561","lakumburu",1,NA
"1562","landmines",1,NA
"1563","laser",1,1
"1564","lateral",1,NA
"1565","lawyers",1,1
"1566","lay",1,NA
"1567","layer",1,NA
"1568","lead",1,NA
"1569","leaders",1,1
"1570","leavers",1,NA
"1571","lebanese",1,1
"1572","lebanon",1,NA
"1573","leste",1,NA
"1574","lesueur",1,NA
"1575","leukodystrophy",1,NA
"1576","leworthy",1,NA
"1577","lgbtqi",1,NA
"1578","liberal",1,NA
"1579","librarian",1,1
"1580","libraries",1,NA
"1581","lidcombe",1,NA
"1582","lifeline",1,NA
"1583","lift",1,NA
"1584","light",1,NA
"1585","lilydale",1,NA
"1586","limbs",1,NA
"1587","linguist",1,1
"1588","linguistic",1,NA
"1589","liturgical",1,1
"1590","liver",1,NA
"1591","lives",1,1
"1592","lobbyist",1,NA
"1593","locally",1,NA
"1594","lotus",1,NA
"1595","lower",1,NA
"1596","lu",1,NA
"1597","lukes",1,NA
"1598","lung",1,NA
"1599","lyceum",1,NA
"1600","lymphoedema",1,NA
"1601","lymphoma",1,NA
"1602","maccallum",1,NA
"1603","machine",1,NA
"1604","mackillop",1,NA
"1605","macular",1,1
"1606","madras",1,NA
"1607","mainstream",1,NA
"1608","maitland",1,NA
"1609","malaria",1,NA
"1610","malaysian",1,NA
"1611","malol",1,NA
"1612","mammographic",1,NA
"1613","marching",1,NA
"1614","marginalised",1,1
"1615","marion",1,NA
"1616","maris",1,NA
"1617","maritime",1,1
"1618","marketing",1,1
"1619","marriage",1,1
"1620","marrow",1,NA
"1621","marsupials",1,NA
"1622","mathew",1,NA
"1623","matthew",1,NA
"1624","mcleod",1,NA
"1625","md",1,NA
"1626","meals",1,NA
"1627","measures",1,NA
"1628","mediation",1,NA
"1629","medicines",1,NA
"1630","mellitus",1,NA
"1631","membership",1,NA
"1632","men's",1,NA
"1633","method",1,NA
"1634","microbiologist",1,NA
"1635","mid",1,NA
"1636","midwifrey",1,NA
"1637","minerals",1,1
"1638","minimisation",1,NA
"1639","ministries",1,NA
"1640","misericordiae",1,NA
"1641","missionary",1,NA
"1642","mongolia",1,NA
"1643","monte",1,NA
"1644","mortality",1,NA
"1645","moruya",1,NA
"1646","motor",1,NA
"1647","mozambique",1,NA
"1648","mudgee",1,NA
"1649","muscular",1,1
"1650","musculoskeletal",1,NA
"1651","musicological",1,NA
"1652","narooma",1,NA
"1653","neo",1,NA
"1654","nepalese",1,NA
"1655","neurobiology",1,1
"1656","neuromuscular",1,1
"1657","neuropsychology",1,NA
"1658","neuroscience",1,1
"1659","newly",1,NA
"1660","ngala",1,NA
"1661","norway",1,NA
"1662","notably",1,1
"1663","november",1,NA
"1664","nt",1,NA
"1665","ny80",1,NA
"1666","obesity",1,1
"1667","obstetric",1,NA
"1668","obstetrician",1,NA
"1669","obstetricians",1,NA
"1670","office",1,NA
"1671","officer's",1,NA
"1672","okra",1,NA
"1673","olympiad",1,NA
"1674","oncologist",1,NA
"1675","operating",1,NA
"1676","operative",1,NA
"1677","ophthalmologist",1,NA
"1678","option",1,NA
"1679","orange",1,NA
"1680","orchestra",1,NA
"1681","orchestral",1,1
"1682","ordination",1,1
"1683","ordinator",1,NA
"1684","ordnance",1,NA
"1685","organised",1,NA
"1686","organizations",1,NA
"1687","orgs",1,NA
"1688","oriented",1,NA
"1689","orienteering",1,NA
"1690","orphaned",1,NA
"1691","orthodox",1,NA
"1692","oth",1,NA
"1693","otolaryngology",1,NA
"1694","outback",1,NA
"1695","ovarian",1,1
"1696","ozone",1,NA
"1697","palais",1,NA
"1698","palate",1,NA
"1699","palm",1,NA
"1700","pancreatic",1,NA
"1701","pap",1,NA
"1702","paramedicine",1,NA
"1703","parenting",1,NA
"1704","parents",1,1
"1705","parkes",1,NA
"1706","parks",1,NA
"1707","parramatta",1,NA
"1708","participate",1,NA
"1709","particulary",1,NA
"1710","party",1,1
"1711","patronages",1,NA
"1712","paul's",1,NA
"1713","pay",1,NA
"1714","peacemaking",1,NA
"1715","pedagogy",1,NA
"1716","pelican",1,NA
"1717","peninsula",1,NA
"1718","peoples",1,1
"1719","peri",1,1
"1720","personal",1,1
"1721","peter",1,NA
"1722","petty",1,NA
"1723","pharmaceutical",1,NA
"1724","pharmacy",1,NA
"1725","philanthropist",1,NA
"1726","philippines",1,NA
"1727","pilot's",1,NA
"1728","platoon",1,NA
"1729","platypus",1,NA
"1730","play",1,NA
"1731","pneumococcal",1,NA
"1732","polio",1,NA
"1733","polish",1,NA
"1734","porres",1,NA
"1735","port",1,NA
"1736","postings",1,NA
"1737","postulator",1,NA
"1738","potter",1,NA
"1739","poultry",1,1
"1740","ppresident",1,NA
"1741","prahran",1,NA
"1742","precision",1,NA
"1743","preschool",1,NA
"1744","presentation",1,1
"1745","president",1,1
"1746","prevent",1,1
"1747","preventable",1,NA
"1748","principle",1,NA
"1749","priory",1,NA
"1750","processes",1,NA
"1751","product",1,NA
"1752","production",1,1
"1753","productivity",1,NA
"1754","professionals",1,1
"1755","professions",1,NA
"1756","proffesion",1,NA
"1757","progressive",1,NA
"1758","protestant",1,NA
"1759","protocols",1,NA
"1760","provide",1,1
"1761","province",1,NA
"1762","psychiatric",1,NA
"1763","psycho",1,1
"1764","psychotherapist",1,NA
"1765","psychotherapy",1,NA
"1766","publications",1,NA
"1767","purcell",1,NA
"1768","qb1978",1,NA
"1769","qb1996",1,1
"1770","qb81",1,NA
"1771","qb85",1,NA
"1772","qb86",1,NA
"1773","quakers",1,NA
"1774","quarantine",1,NA
"1775","r.a.n.n.s",1,NA
"1776","randwick",1,NA
"1777","reading",1,1
"1778","received",1,NA
"1779","recitalist",1,NA
"1780","reconstructive",1,1
"1781","recruiting",1,NA
"1782","recruitment",1,NA
"1783","redfern",1,NA
"1784","reduce",1,NA
"1785","reducing",1,1
"1786","reduction",1,1
"1787","reference",1,NA
"1788","regal",1,NA
"1789","registries",1,NA
"1790","regulations",1,NA
"1791","reinvestment",1,NA
"1792","renal",1,1
"1793","renee",1,NA
"1794","reporting",1,NA
"1795","representative",1,NA
"1796","reserves",1,NA
"1797","residential",1,NA
"1798","resolve",1,NA
"1799","respite",1,NA
"1800","response",1,NA
"1801","responsibilities",1,1
"1802","review",1,NA
"1803","reviews",1,NA
"1804","rheumatologist",1,NA
"1805","rickarby",1,NA
"1806","roads",1,NA
"1807","sabah's",1,NA
"1808","sabina",1,NA
"1809","safe",1,NA
"1810","sailor's",1,NA
"1811","samaritans",1,NA
"1812","sandaun",1,NA
"1813","sant",1,NA
"1814","santa",1,NA
"1815","saving",1,NA
"1816","sawtell",1,NA
"1817","sea",1,1
"1818","secretary",1,NA
"1819","seeking",1,NA
"1820","seniornet",1,NA
"1821","september",1,NA
"1822","serology",1,NA
"1823","settings",1,NA
"1824","sevice",1,NA
"1825","ship",1,NA
"1826","shoalhaven",1,NA
"1827","simulated",1,NA
"1828","singapore",1,NA
"1829","singing",1,NA
"1830","sinhalese",1,NA
"1831","sion",1,NA
"1832","sir",1,NA
"1833","skills",1,NA
"1834","slavery",1,NA
"1835","sleep",1,NA
"1836","slipper",1,NA
"1837","slovenian",1,NA
"1838","smear",1,NA
"1839","smoking",1,NA
"1840","socio",1,NA
"1841","soldiers",1,NA
"1842","sole",1,NA
"1843","solomon",1,NA
"1844","soup",1,1
"1845","southern",1,1
"1846","space",1,NA
"1847","spastic",1,NA
"1848","speaker",1,1
"1849","speaking",1,NA
"1850","specialised",1,1
"1851","specialty",1,NA
"1852","specific",1,NA
"1853","specifically",1,1
"1854","speleology",1,NA
"1855","spina",1,NA
"1856","spinal",1,NA
"1857","springs",1,NA
"1858","squadron",1,NA
"1859","steelband",1,NA
"1860","stella",1,NA
"1861","stenographer",1,NA
"1862","stephens",1,NA
"1863","stokes",1,NA
"1864","stomal",1,NA
"1865","strengthening",1,NA
"1866","strike",1,NA
"1867","strong",1,NA
"1868","structures",1,NA
"1869","suakin",1,NA
"1870","subject",1,NA
"1871","subscriber's",1,NA
"1872","suicide",1,NA
"1873","sumatra",1,NA
"1874","superior",1,NA
"1875","surface",1,NA
"1876","survivors",1,NA
"1877","sustained",1,NA
"1878","sutherland's",1,NA
"1879","sw3",1,NA
"1880","swan",1,NA
"1881","switzerland",1,1
"1882","symphony",1,NA
"1883","syndrom",1,NA
"1884","systemised",1,NA
"1885","tailoring",1,NA
"1886","tara",1,NA
"1887","taskforces",1,NA
"1888","teach",1,NA
"1889","technical",1,NA
"1890","texts",1,NA
"1891","thailand",1,NA
"1892","theological",1,NA
"1893","therapeutics",1,NA
"1894","therese",1,NA
"1895","thoracic",1,NA
"1896","threatening",1,NA
"1897","througth",1,NA
"1898","tilligerry",1,NA
"1899","timor",1,NA
"1900","title",1,NA
"1901","toowoomba",1,NA
"1902","total",1,NA
"1903","townsville",1,1
"1904","trained",1,NA
"1905","transfer",1,NA
"1906","transformation",1,NA
"1907","transmitted",1,NA
"1908","transplant",1,NA
"1909","triangle",1,NA
"1910","trobe",1,NA
"1911","tsunami",1,NA
"1912","tweed",1,NA
"1913","umbilical",1,NA
"1914","underprivileged",1,NA
"1915","undertaking",1,NA
"1916","unemployment",1,NA
"1917","unicef",1,NA
"1918","union",1,NA
"1919","unitar",1,NA
"1920","urgent",1,NA
"1921","urogynaecology",1,NA
"1922","urological",1,NA
"1923","urology",1,1
"1924","ursula",1,NA
"1925","vaccine",1,1
"1926","van",1,NA
"1927","veterinarians",1,NA
"1928","viale",1,NA
"1929","vice",1,NA
"1930","vietnamese",1,1
"1931","violin",1,NA
"1932","virgin",1,NA
"1933","virology",1,NA
"1934","virus",1,1
"1935","visitation",1,NA
"1936","vocationally",1,NA
"1937","voice",1,NA
"1938","voluntary",1,NA
"1939","volunteering",1,1
"1940","vulnerable",1,NA
"1941","wakeley",1,NA
"1942","wallangarra",1,NA
"1943","walter",1,NA
"1944","wangaratta",1,NA
"1945","warning",1,NA
"1946","waste",1,NA
"1947","waters",1,NA
"1948","wesley",1,NA
"1949","wheels",1,NA
"1950","wilcannia",1,NA
"1951","wodonga",1,NA
"1952","worker",1,NA
"1953","workers",1,NA
"1954","writing",1,1
"1955","zonta",1,NA
"1956","zoological",1,NA
"1957","zoology",1,1
"1958","äôs",1,NA
"1959","100",NA,1
"1960","10023",NA,1
"1961","110261",NA,1
"1962","1110",NA,1
"1963","12october",NA,1
"1964","15",NA,1
"1965","1956",NA,1
"1966","1960",NA,1
"1967","1970",NA,1
"1968","1971",NA,1
"1969","19th",NA,1
"1970","1a3",NA,1
"1971","1st",NA,1
"1972","253",NA,1
"1973","2616",NA,1
"1974","29th",NA,1
"1975","3609",NA,1
"1976","36th",NA,1
"1977","37",NA,1
"1978","3bg",NA,1
"1979","60",NA,1
"1980","6047",NA,1
"1981","64",NA,1
"1982","73",NA,1
"1983","73rd",NA,1
"1984","77",NA,1
"1985","80",NA,1
"1986","86",NA,1
"1987","aborigines",NA,1
"1988","abstract",NA,1
"1989","academy",NA,1
"1990","achieve",NA,1
"1991","active",NA,1
"1992","ad87",NA,1
"1993","adoption",NA,1
"1994","advocating",NA,1
"1995","affect",NA,1
"1996","aftermath",NA,1
"1997","agreement",NA,1
"1998","alternative",NA,1
"1999","alzheimer",NA,1
"2000","ambassadorial",NA,1
"2001","application",NA,1
"2002","arachnology",NA,1
"2003","arbitration",NA,1
"2004","architects",NA,1
"2005","armed",NA,1
"2006","arms",NA,1
"2007","arrc",NA,1
"2008","arrente",NA,1
"2009","arthritis",NA,1
"2010","articles",NA,1
"2011","ascidian",NA,1
"2012","ashford",NA,1
"2013","astronomers",NA,1
"2014","astrophysical",NA,1
"2015","astrophysics",NA,1
"2016","atomic",NA,1
"2017","austr",NA,1
"2018","australiana",NA,1
"2019","austrlian",NA,1
"2020","authorities",NA,1
"2021","autonomic",NA,1
"2022","avenue",NA,1
"2023","awarenessof",NA,1
"2024","bark",NA,1
"2025","barossa",NA,1
"2026","bas",NA,1
"2027","bases",NA,1
"2028","basis",NA,1
"2029","battery",NA,1
"2030","battlefield",NA,1
"2031","bay",NA,1
"2032","belconnen",NA,1
"2033","bem",NA,1
"2034","benefits",NA,1
"2035","bhutanese",NA,1
"2036","bicentennial",NA,1
"2037","biographer",NA,1
"2038","biography",NA,1
"2039","biophysical",NA,1
"2040","biosciences",NA,1
"2041","biostatistics",NA,1
"2042","black",NA,1
"2043","blindness",NA,1
"2044","botanist",NA,1
"2045","bowling",NA,1
"2046","breastroke",NA,1
"2047","broader",NA,1
"2048","bronze",NA,1
"2049","burden",NA,1
"2050","burma",NA,1
"2051","bushfires",NA,1
"2052","bushwood",NA,1
"2053","c130",NA,1
"2054","canada",NA,1
"2055","canoeing",NA,1
"2056","casting",NA,1
"2057","cataloguing",NA,1
"2058","cattle",NA,1
"2059","celebration",NA,1
"2060","celebrations",NA,1
"2061","cell",NA,1
"2062","cellist",NA,1
"2063","cells",NA,1
"2064","celtic",NA,1
"2065","centres",NA,1
"2066","century",NA,1
"2067","ceramics",NA,1
"2068","chairman",NA,1
"2069","chile",NA,1
"2070","choices",NA,1
"2071","choreographers",NA,1
"2072","chronicling",NA,1
"2073","cinematographer",NA,1
"2074","circuit",NA,1
"2075","civ",NA,1
"2076","civil",NA,1
"2077","classical",NA,1
"2078","coaches",NA,1
"2079","cobar",NA,1
"2080","coeliac",NA,1
"2081","cohesion",NA,1
"2082","collaborative",NA,1
"2083","colleagues",NA,1
"2084","comedian",NA,1
"2085","comedy",NA,1
"2086","commandant",NA,1
"2087","commemorative",NA,1
"2088","commentary",NA,1
"2089","commission",NA,1
"2090","companies",NA,1
"2091","comparative",NA,1
"2092","competition",NA,1
"2093","competitive",NA,1
"2094","compositions",NA,1
"2095","computational",NA,1
"2096","computer",NA,1
"2097","concern",NA,1
"2098","concerned",NA,1
"2099","conductor",NA,1
"2100","congo",NA,1
"2101","conservationist",NA,1
"2102","constructive",NA,1
"2103","content",NA,1
"2104","continued",NA,1
"2105","continuing",NA,1
"2106","cook",NA,1
"2107","cooktown",NA,1
"2108","coronation",NA,1
"2109","corporations",NA,1
"2110","correspondant",NA,1
"2111","correspondent",NA,1
"2112","costume",NA,1
"2113","country",NA,1
"2114","courage",NA,1
"2115","creation",NA,1
"2116","cuisine",NA,1
"2117","culturalism",NA,1
"2118","culturally",NA,1
"2119","cure",NA,1
"2120","cycstic",NA,1
"2121","cytogenetics",NA,1
"2122","dancing",NA,1
"2123","dangerous",NA,1
"2124","day1996",NA,1
"2125","day1997",NA,1
"2126","dbe",NA,1
"2127","deakin",NA,1
"2128","defamation",NA,1
"2129","degeneration",NA,1
"2130","democracy",NA,1
"2131","democratic",NA,1
"2132","designate",NA,1
"2133","detachment",NA,1
"2134","determination",NA,1
"2135","dictionary",NA,1
"2136","dietician",NA,1
"2137","digitisation",NA,1
"2138","dignity",NA,1
"2139","diplomat",NA,1
"2140","disciplinary",NA,1
"2141","discourse",NA,1
"2142","discussion",NA,1
"2143","dispossessed",NA,1
"2144","distribution",NA,1
"2145","diving",NA,1
"2146","divison",NA,1
"2147","dog",NA,1
"2148","donating",NA,1
"2149","ealth",NA,1
"2150","eating",NA,1
"2151","ecologist",NA,1
"2152","economically",NA,1
"2153","economy",NA,1
"2154","ecosystems",NA,1
"2155","ecotoxicology",NA,1
"2156","ed",NA,1
"2157","effective",NA,1
"2158","efficiency",NA,1
"2159","elder",NA,1
"2160","electrical",NA,1
"2161","electricity",NA,1
"2162","electronics",NA,1
"2163","elyne",NA,1
"2164","embrace",NA,1
"2165","endeavour",NA,1
"2166","engraver",NA,1
"2167","enhancement",NA,1
"2168","eradication",NA,1
"2169","esteem",NA,1
"2170","ethnobotanist",NA,1
"2171","eureka",NA,1
"2172","european",NA,1
"2173","evans",NA,1
"2174","exchanges",NA,1
"2175","expand",NA,1
"2176","exploration",NA,1
"2177","expression",NA,1
"2178","facilitator",NA,1
"2179","farmers",NA,1
"2180","feminist",NA,1
"2181","fencing",NA,1
"2182","fertility",NA,1
"2183","financing",NA,1
"2184","fisheries",NA,1
"2185","forests",NA,1
"2186","foundations",NA,1
"2187","free",NA,1
"2188","fulbright",NA,1
"2189","funding",NA,1
"2190","gastroenteritis",NA,1
"2191","gbe",NA,1
"2192","gene",NA,1
"2193","genomics",NA,1
"2194","genre",NA,1
"2195","geographic",NA,1
"2196","gifted",NA,1
"2197","grand",NA,1
"2198","guide",NA,1
"2199","gun",NA,1
"2200","guyra",NA,1
"2201","h3a",NA,1
"2202","habitats",NA,1
"2203","harpist",NA,1
"2204","heatlh",NA,1
"2205","herpetology",NA,1
"2206","historians",NA,1
"2207","histories",NA,1
"2208","holder",NA,1
"2209","holding",NA,1
"2210","horn",NA,1
"2211","horseriding",NA,1
"2212","ill",NA,1
"2213","illicit",NA,1
"2214","inaugural",NA,1
"2215","increased",NA,1
"2216","increasing",NA,1
"2217","indo",NA,1
"2218","inequality",NA,1
"2219","influential",NA,1
"2220","initiating",NA,1
"2221","injured",NA,1
"2222","injustice",NA,1
"2223","institutes",NA,1
"2224","institutional",NA,1
"2225","instrumental",NA,1
"2226","insurrection",NA,1
"2227","integer",NA,1
"2228","interpreting",NA,1
"2229","investigative",NA,1
"2230","involving",NA,1
"2231","irthday",NA,1
"2232","isis",NA,1
"2233","islanders",NA,1
"2234","jewellery",NA,1
"2235","junior",NA,1
"2236","jurist",NA,1
"2237","kastanienbaum",NA,1
"2238","keith",NA,1
"2239","kew",NA,1
"2240","kidney",NA,1
"2241","kinglake",NA,1
"2242","kitchen",NA,1
"2243","ladies",NA,1
"2244","languages",NA,1
"2245","league",NA,1
"2246","leave",NA,1
"2247","lexicographer",NA,1
"2248","liaison",NA,1
"2249","liberties",NA,1
"2250","librettist",NA,1
"2251","lieutenant",NA,1
"2252","line",NA,1
"2253","linear",NA,1
"2254","linguistically",NA,1
"2255","loss",NA,1
"2256","macquarie",NA,1
"2257","madrid",NA,1
"2258","magazine",NA,1
"2259","magistrate",NA,1
"2260","magistrates",NA,1
"2261","maintain",NA,1
"2262","maker",NA,1
"2263","mammals",NA,1
"2264","managerial",NA,1
"2265","mandeville",NA,1
"2266","marjorie",NA,1
"2267","market",NA,1
"2268","marri",NA,1
"2269","marshal",NA,1
"2270","memorial",NA,1
"2271","merit",NA,1
"2272","meteorology",NA,1
"2273","metres",NA,1
"2274","minority",NA,1
"2275","misuse",NA,1
"2276","mitochondrial",NA,1
"2277","modelling",NA,1
"2278","modern",NA,1
"2279","modernist",NA,1
"2280","montreal",NA,1
"2281","moscow",NA,1
"2282","motoring",NA,1
"2283","mountaineering",NA,1
"2284","munich",NA,1
"2285","muriel",NA,1
"2286","muru",NA,1
"2287","muscle",NA,1
"2288","musicologist",NA,1
"2289","muslim",NA,1
"2290","nambiyu",NA,1
"2291","nano",NA,1
"2292","naturalist",NA,1
"2293","nauiyu",NA,1
"2294","neglected",NA,1
"2295","nervous",NA,1
"2296","neuropathic",NA,1
"2297","niland",NA,1
"2298","ningaloo",NA,1
"2299","norfolk",NA,1
"2300","nundah",NA,1
"2301","nundle",NA,1
"2302","nurturing",NA,1
"2303","oam.for",NA,1
"2304","ongoing",NA,1
"2305","online",NA,1
"2306","optics",NA,1
"2307","orchestras",NA,1
"2308","organic",NA,1
"2309","orphanage",NA,1
"2310","owner",NA,1
"2311","painting",NA,1
"2312","palaeontologist",NA,1
"2313","palaeontology",NA,1
"2314","parasitology",NA,1
"2315","parental",NA,1
"2316","partially",NA,1
"2317","participative",NA,1
"2318","particle",NA,1
"2319","partnerships",NA,1
"2320","passive",NA,1
"2321","pathways",NA,1
"2322","patron",NA,1
"2323","patterns",NA,1
"2324","pearls",NA,1
"2325","people's",NA,1
"2326","performances",NA,1
"2327","period",NA,1
"2328","pharmacist",NA,1
"2329","philosophy",NA,1
"2330","photocatalysis",NA,1
"2331","photonics",NA,1
"2332","photovoltaics",NA,1
"2333","pilot",NA,1
"2334","pilots",NA,1
"2335","pine",NA,1
"2336","plants",NA,1
"2337","players",NA,1
"2338","playwright",NA,1
"2339","playwrights",NA,1
"2340","poor",NA,1
"2341","populations",NA,1
"2342","portfolio",NA,1
"2343","portrait",NA,1
"2344","pow",NA,1
"2345","preventative",NA,1
"2346","pride",NA,1
"2347","printmaking",NA,1
"2348","prison",NA,1
"2349","proceeds",NA,1
"2350","professionalism",NA,1
"2351","programming",NA,1
"2352","proliferation",NA,1
"2353","prolific",NA,1
"2354","promote",NA,1
"2355","promotional",NA,1
"2356","promotions",NA,1
"2357","proponent",NA,1
"2358","protected",NA,1
"2359","provoking",NA,1
"2360","provost",NA,1
"2361","pursuits",NA,1
"2362","pymble",NA,1
"2363","qb1975",NA,1
"2364","qb70",NA,1
"2365","qb72",NA,1
"2366","qb77",NA,1
"2367","qb80",NA,1
"2368","qb84",NA,1
"2369","quantum",NA,1
"2370","quebec",NA,1
"2371","racing",NA,1
"2372","rainforests",NA,1
"2373","raise",NA,1
"2374","ranging",NA,1
"2375","recordings",NA,1
"2376","redox",NA,1
"2377","reformation",NA,1
"2378","regenerative",NA,1
"2379","regions",NA,1
"2380","register",NA,1
"2381","relates",NA,1
"2382","renowned",NA,1
"2383","reporter",NA,1
"2384","representatives",NA,1
"2385","representing",NA,1
"2386","reproduction",NA,1
"2387","required",NA,1
"2388","researching",NA,1
"2389","responses",NA,1
"2390","responsibility",NA,1
"2391","resultant",NA,1
"2392","retail",NA,1
"2393","reviewer",NA,1
"2394","rifle",NA,1
"2395","river",NA,1
"2396","robotics",NA,1
"2397","rock",NA,1
"2398","rocky",NA,1
"2399","rules",NA,1
"2400","running",NA,1
"2401","sailing",NA,1
"2402","salisbury",NA,1
"2403","scouting",NA,1
"2404","screen",NA,1
"2405","seas",NA,1
"2406","selector",NA,1
"2407","senator",NA,1
"2408","servicewomen",NA,1
"2409","severe",NA,1
"2410","sewing",NA,1
"2411","shakespeare",NA,1
"2412","sheep",NA,1
"2413","shipping",NA,1
"2414","shooting",NA,1
"2415","short",NA,1
"2416","sick",NA,1
"2417","sighted",NA,1
"2418","singers",NA,1
"2419","sites",NA,1
"2420","skating",NA,1
"2421","skin",NA,1
"2422","slalom",NA,1
"2423","slam",NA,1
"2424","smooth",NA,1
"2425","soroptomist",NA,1
"2426","source",NA,1
"2427","specimans",NA,1
"2428","spirituality",NA,1
"2429","sportspersons",NA,1
"2430","sportswomen",NA,1
"2431","sprinter",NA,1
"2432","stained",NA,1
"2433","stature",NA,1
"2434","stemm",NA,1
"2435","stimulating",NA,1
"2436","stockbroking",NA,1
"2437","story",NA,1
"2438","storytelling",NA,1
"2439","strasse",NA,1
"2440","street",NA,1
"2441","structure",NA,1
"2442","struggle",NA,1
"2443","success",NA,1
"2444","suffered",NA,1
"2445","supplies",NA,1
"2446","supreme",NA,1
"2447","surfing",NA,1
"2448","surrey",NA,1
"2449","swimmers",NA,1
"2450","swimwear",NA,1
"2451","sydney's",NA,1
"2452","systematics",NA,1
"2453","talent",NA,1
"2454","tamil",NA,1
"2455","taskforce",NA,1
"2456","taxation",NA,1
"2457","taxonomy",NA,1
"2458","teams",NA,1
"2459","telomerase",NA,1
"2460","temora",NA,1
"2461","temporal",NA,1
"2462","terminally",NA,1
"2463","terrestrial",NA,1
"2464","theatrical",NA,1
"2465","theoretical",NA,1
"2466","therapies",NA,1
"2467","thoroughbred",NA,1
"2468","ties",NA,1
"2469","times",NA,1
"2470","toke",NA,1
"2471","tournament",NA,1
"2472","tours",NA,1
"2473","toxicology",NA,1
"2474","traditions",NA,1
"2475","traffic",NA,1
"2476","trafficking",NA,1
"2477","trainer",NA,1
"2478","trans",NA,1
"2479","translational",NA,1
"2480","translations",NA,1
"2481","treat",NA,1
"2482","triathlete",NA,1
"2483","tuition",NA,1
"2484","tw9",NA,1
"2485","u3a",NA,1
"2486","ultra",NA,1
"2487","underwater",NA,1
"2488","unsafe",NA,1
"2489","vaccines",NA,1
"2490","vaccinology",NA,1
"2491","valley",NA,1
"2492","values",NA,1
"2493","vanadium",NA,1
"2494","veteran",NA,1
"2495","vitally",NA,1
"2496","voices",NA,1
"2497","wa",NA,1
"2498","warfare",NA,1
"2499","watercolour",NA,1
"2500","week",NA,1
"2501","wet",NA,1
"2502","wheelchair",NA,1
"2503","whitewater",NA,1
"2504","wider",NA,1
"2505","wine",NA,1
"2506","winning",NA,1
"2507","wool",NA,1
"2508","wrans",NA,1
"2509","writer's",NA,1
"2510","yuendumu",NA,1
"2511","ywca",NA,1
"2512","zoo",NA,1
